20;Десерт-кисель Клюквенный , 200 г.
32;Батончик "Успех"  50 г.
43;Сироп "Сбитень №7 Багрянный (Виктория)" 250 г/180 мл.
127;Поли витабеас (витамишки), пастилки, 60 шт.
138;Кедровое масло с боярышником, капсулы 100 шт.
143;Витаминный +  ,Бальзам , 100 мл.
149;Пантошка-Ca  ,Драже , 80 г.
188;Информационный пакет.
200;Бр. На пути к лидерству.
201;Бр. Подписал Соглашение. Что дальше?
219;Диплом и медаль им. Мечникова.
220;Диплом РЭА.
222;Карточка дисконтная АРГО.
223;Бр. Бизнес в 4 руки.
232;Значок Директор.
235;Кн. О питании и здоровье А. И. Пальцев.
238;Кн. Ответы (II изд.) В. Варава.
246;Футболка АРГО
249;Бр. Моя структура - моя команда.
251;Бр. Школа бизнеса АРГО.
263;Бр. Литовит.
264;Бр. УСУ Эффект.
271;Бр. Природные минералы.
272;Бр. Косметика КИЯ.
276;Звездный календарь АРГО.
283;Кружка пластиковая АРГО.
289;Бизнес-планшет АРГО.
293;Бр. Коррекция ожирения.
296;Бр. Пектолакт.
298;Бр. Вопросы и ответы.
299;Бр. Применение продукции НИИ ЛОПиНТ.
303;Журнал Доктор ЭД лето 2006.
304;Справочник AD Medicine (б)
305;Краткий каталог AD Medicine.
306;Кн. Нутрикон.
311;Бр. Природная аптека Сибири, С-Э.
322;Бр. Природная Аптека Сибири (дополнение).
325;Бр. Особый подход.
326;Бр. Эффективный уход.
327;Кн. Научись быть красивой.
328;Каталог NUTRICARE.
329;Бр. Американские БАД, А-В.
330;Бр. Американские БАД, Г-Й.
331;Бр. Американские БАД, К-О.
332;Бр. Американские БАД, Т-Э.
333;Бр. Лекция профессора Уоллока.
337;Справочник NUTRICARE
342;Бр. Фильтры серии АРГО.
343;Бр. Аппликатор Ляпко.
344;Бр. Чудо-технология.
345;Бр. ЭМ-Курунга.
352;Бр. Реагент.
362;Бр. Лептины.
363;Бр. Рициниол.
364;Бр. Ритмы жизни.
365;Бр. Каталитин, Хитолан, Аргосластин.
366;Сборник Рициниол
368;Бр. Аппарат Дюна-Т.
370;Бр. Стелька тренажер.
372;Бр. Лесмин.
373;Бр. Фитолон-Кламин.
376;Бр. АргоВасна.
377;Бр. Красота и здоровье.
379;Бр. Восточный ветер.
386;Бр. Ферропан.
389;Бр. Конфеты молочные.
390;Справочник ЮГ
391;Кн. Продукция с пантогематогеном.
392;Бр. Шунгит.
399;Бр. Капсулированные масла.
400;Бр. Здоровье женщины.
401;Бр. Кедровая сила.
403;Бр. Кедровое масло.
411;Бр. Ваш Апифарм.
413;Бр. Аргоника - выбирайте эффективность.
415;Бр. Программа коррекции веса.
419;Бр. ЭМ-технология.
425;Диплом Орден Ломоносова.
430;Бр. Урология.
431;Бр. Эсобел.
434;Бр. Эм-Курунга - ваше здоровье.
438;Сборник Природная Аптека.
587;Крем-маска ботанический комплекс-активатор  75 мл
588;Лосьон-тоник успокаивающий,  Арго 100 мл .
589;Лосьон-тоник,  Арго 200 мл .
590;Маска-пилинг  75 мл.
593;Мультикрем-комплекс, 30 мл.
597;Сыворотка омолаживающая  30 мл.
598;Гель-актив себоконтроль SPF-5, 30 мл.
599;Антиоксидант крем 50 мл.
600;Лосьон-тоник противовоспалительный,  Арго  200 мл .
601;Маска стягивающая очищающая  50 мл.
602;Пенка для умывания с экстрактом красных листьев винограда – для нормальной и комбинированной кожи  200 мл
612;Крем-маска регенерирующая 100 мл
629;Аргоша пенка для умывания с азуленом  200 мл.
633;Тональный крем 01 бежевый  30 мл.
634;Тональный крем 01 светло-бежевый  30 мл.
635;Тональный крем 02 пастельный  30 мл.
636;Тональный крем 02 светло-пастельный, 30 мл.
645;Марго средство для мытья посуды , 250 мл.
647;Марго гель для ручной стирки , 500 г
648;Марго гель для стирки в автоматической стиральной машине , 500 г.
650;Фильтр "АРГО".
651;Фильтр "АРГО-К" (картриджный вариант)
652;Фильтр "АРГО-М".
653;Фильтр "АРГО-МК" (картриджный вариант).
654;Арго-Душ, фильтр
655;Дополнительный фильтрующий комплект "АРГО+".
656;Картридж для фильтров "АРГО-К" и "АРГО-МК" угольно-цеолитовый.
657;Комплект запасной для фильтров "АРГО" и "АРГО-М".
658;Фильтрующий элемент для "АРГО+".
659;Фильтрующий элемент для АРГО-ДУШ
680;Антидымок "Парус", гранулы 70 г.
681;Магралит-Т антиэлектромагнитная накладка .
693;Шунгит для минерализации воды.
695;Шунгитовый оберег (большой).
696;Шунгитовый оберег (малый).
697;Шунгитовая пирамидка.
698;Сорбент-очиститель универсальный для холодильников.
699;Минеральная добавка для животных  1000 г.
700;Ультразвуковое стирающее устройство "Факт".
703;Сорбент-очиститель универсальный для чайников.
704;"Байкал ЭМ-1" Биоудобрение концентрированное, 40 мл.
705;Питательная среда "ЭМ-патока", жидкость, 100 мл.
706;Ургаса, порошок, 150 г.
707;ЭМ-культиватор
708;ЭМ-5, концентрат, 50 мл
709;Тамир, концентрат, 30 мл.
712;Дюна, ультразвуковое стирающее устройство .
716;Рекристаллизатор.
731;ЛОКС-ЭКО, губка.
732;ЛОКС-эко концентрат, 250 мл.
733;СЛОКС-эко против вредителей растений, 110 мл
734;СЛОКС-эко, против моли.
735;СЛОКС-эко, против моли и клопов.
736;СЛОКС-эко, против тараканов.
778;Зимний крем-бальзам , 50 мл.
788;Рициниол-П Эмульсия  15 мл.
820;Ласковый ветер; Бальзам для лица и шеи  капсулы 12 шт.
847;Клеопатра  косметическая маска   200 г.
849;Минеральная  косметическая маска   200 г.
850;Кия косметическая маска со спирулиной  , 80 г.
852;Княжна  крем-маска, 80 г.
854;Кия пудра-сорбент, 60 г.
855;Нежный скраб  80 г.
866;Кия  скраб "Ванильная карамель" , 200 г.
867;Кия  скраб "Лимон", 200 г.
868;Нежный  скраб "Пудровая нежность"   80 г.
882;Маска восстанавливающая и питательная, 75 мл.
883;Маска для быстрого восстановления кожи, 75 мл.
884;Маска очищающая и увлажняющая, 75 мл.
895;Бальзам Чистотел, 75 мл.
902;Ширлайн. Крем  , 50 мл.
912;Драже "Тенториум Плюс" , 150 гр.
921;Молочко трутневое, дозировка 150 гр.
922;Линия жизни апиформула - 1, драже, 150 гр.
923;Линия жизни апиформула - 2, драже, 150 гр.
924;Линия жизни апиформула - 3, драже, 150 гр.
925;Линия жизни апиформула - 3, драже, 300 гр.
926;Линия жизни апиформула - 2,  драже, 300 гр.
927;Линия жизни апиформула - 1, драже, 300 гр.
930;Тенториум-Плюс, драже 150 гр.
933;Экстра-Бефунгин, драже, 300 г.
934;О-ДЕ-ВИТ, драже, 150 гр.
935;О-ДЕ-ВИТ, драже, 300 гр.
936;Экстра-ЛОР, драже, 150 гр.
937;Экстра-ЛОР, драже, 300 гр.
938;Хинази, драже, 150 гр.
939;Хинази, драже, 300 гр.
940;Формула Ра, драже, 150 гр.
941;Формула Ра, драже 300 гр.
963;Апитонус, медовая композиция, 300 гр.
964;Апиток, медовая композиция , 200 гр.
965;Апиток, медовая композиция, 300 гр.
967;Апифитотонус, медовая композиция, 300 гр.
968;Полянка медовя композиция, 300 гр.
969;Тополек, медовая композиция, 300 гр.
992;Мед Бортевой, прессовый, 450 г.
993;Апидент Актив гель.
994;Золотая серия Апиформула 1,  драже, 300 гр.
995;Золотая серия Апиформула 1, драже, 150 гр.
996;Золотая серия Апиформула 2,  драже, 150 гр.
997;Золотая серия Апиформула 2, драже, 300 гр.
998;Золотая серия Апиформула 3,  драже, 150 гр.
999;Золотая серия Апиформула 3, драже, 300 гр.
1000;Минеральная вода  АПИСПА, 1 л
1002;Ягодный коктейль, драже, 150 гр.
1003;Ягодный коктейль, драже, 300 гр.
1007;Ополаскиватель для полости рта.
1008;Забрус-воск (пластинки) 10 шт.
1010;Минеральноя вода с прополисом, 330 мл
1013;Черема, драже, 150 гр.
1014;Черема,  драже, 300 гр.
1015;Апидент зубная паста.
1032;Драже "Тенториум плюс" , 300 гр.
1033;Пластинки "Забрус-воск", 50 шт.
1036;Царица косметическая маска 150гр.
1038;Скраб Нежный "Пудровая нежность" 130 гр.
1041;Драже  Хлебина, 300 гр.
1043;Мезококтейль омолаживающий VIRTA0,15.
1069;Омолаживающий мезококтейль для кошек, 250 г.
1070;Омолаживающий мезококтейль для собак, 250 г.
1071;Гель для умывания / с маслом виноградной косточки Virta 150 мл.
1091;Маска для лица омолаживающая с морским коллагеном • Virta • 50 мл.
1109;Мидивирин антиоксидант 70 капсул.
1194;Апи-Элите с изомальтом, драже, 150 гр.
1195;Апи-Элите с изомальтом, драже, 300 гр.
1197;Линия жизни Апиформула 2 ЗС, 150 гр.
1198;Линия жизни  Апиформула 2 ЗС, 300 гр.
1199;Линия жизни Апиформула 3 ЗС, 150 гр.
1200;Линия жизни апиформула 3 ЗС, 300 гр.
1201;Линия жизни Апиформула 1 ЗС, 300 гр.
1202;Линия жизни Апиформула 1 ЗС, 150 гр.
1203;Формула РА ЗС, 150 гр.
1204;Формула РА ЗС, 300 гр.
1207;Тенториум плюс ЗС с изомальтом, 300 гр.
1208;Тенториум плюс ЗС с изомальтом, 150 гр.
1212;Свечи ушные 2 шт.
1216;Антистрессовая программа "Ультра"2х100+90.
1217;Антисклеротическая программа "Ультра"
1218;Полная программа поддержания здоровья "Ультра"
1219;Программа очистки ЖКТ "Ультра".
1224;Подушка Асония.
1259;Кулон для гармонизатора
1265;Венорм  гранулы, 120г.
1293;Олигопептид 3 для омоложения кожи 20 мл.
1294;Отписорб  100 гр.
1295;Оптисорб ванильный  100 гр.
1296;Оптисорб лимонный 100гр.
1297;Литовит-М гранулы 100гр.
1298;ВАГ капсулы 60шт.
1299;Красный клевер TSN капсулы 60шт.
1301;Омега Ойл капсулы 60шт.
1302;Проста-вита капсулы 60шт.
1304;Спирулина TSN капсулы 60шт.
1305;Кедровая сила Боярская,порошок 237гр.
1306;Кедровая сила Спортивная порошок 237гр.
1307;Гель для душа Пихтовый 200мл.
1308;ЛактоХит гель 50мл.
1309;ХелаЦинк гель 50мл.
1310;Аромамедальон
1311;Масло  эфирное Иланг-Иланг 5мл.
1312;Ванны Шунгитовые
1313;Крем шунгитовый 100 гр.
1314;Крем шунгитовый Саше 5х5 гр.
1315;Cироп с хлорофилом Фитолон антисептик 100 мл.
1319;Фильтр-Кувшин Водолей для очистки воды. Компания Арго.
1320;Картридж для фильтра-кувшина Водолей, угольно-цеолитовый.
1321;Картридж для фильтра-кувшина Водолей, шунгитовый.
1322;Картридж для фильтра-кувшина Водолей, для уменьшения жесткости воды.
1323;Картридж для фильтра АРГО-К и АРГО-МК шунгитовый.
1324;Картридж для фильтров АРГО-К и АРГО-МК для уменьшения жесткости воды.
1326;Аппликатор Стелька-скороход; размер 37-40.
1327;Аппликатор Стелька-скороход;размер43-46 ,2шт.
1328;Жидкие пряности ,набор №1.
1329;Жидкие пряности,набор №2.
1330;ЗВК Реагент 3000 Супердрайв.
1331;Реагент 3000 для АКПП.
1332;Реагент 3000 для ГУР.
1333;Реагент 3000 для двигателя.
1334;Реагент 3000 для топливной системы.
1335;Реагент 3000 для топливной системы 10 шприцев.
1336;Реагент 3000 для трансмиссии.
1337;ЭМ-керамика.
1338;Холепаль капсулы 30шт.
1339;Гельмипаль капсулы 30шт.
1340;Визио Комплекс  коллоидный раствор 237  мл.
1341;Фо Кидз   Колоидный раствор 237  мл.
1360;Набор маленький "Жемчужина молодости"
1361;Набор средний"Жемчужина молодости"
1362;Набор большой"Жемчужина молодости"
1364;Лосьон косметический  Аврора.
1365;Аппарат для местной дарсонвализации АМД «ДОН».
1366;Электрод грибок для местной дарсонвализации.
1367;Электрод десенный  для местной дарсонвализации.
1369;Омега Q10- вит плюс.
1370;Омега -Q10 кутэнвит плюс, для снижения веса.
1371;Виталецитин
1372;Энзимолецитин капсулы.
1373;ГИНКГО С
1374;Трез Вит капсулы.
1375;Глюкозамин-Хондроитин таблетки.
1376;ФлаВит - Л (женская формула).
1377;ФлаВит - М (мужская формула).
1378;Увлажняющий шампунь молочко every day.
1382;Сыворотка для лица противовозрастная.
1383;Сыворотка от мимических морщин.
1384;Крем защитный от дневного УФ с SPF 6.
1385;Крем омолаживающий для сухой и нормальной кожи лица.
1386;Крем омолаживающий для комбинированной и жирной кожи лица.
1389;Маски моделирующие.
1390;Спрей антисептический с экстрактом лакричника.
1391;Крем дневной для нормальной и комбинированной кожи лица.
1392;Крем дневной для сухой и чувствительной кожи лица.
1394;КФС №2 Детокс (Корректор функционального состояния).
1395;КФС № 3 (сжигатель излишков жировой ткани для женщин).
1396;КФС № 4 (сжигатель излишков жировой ткани для мужчин).
1400;Сухая смесь для приготовления коктейля «Энерджи Диет» (Energy Diet Капучино.
1402;Сухая смесь для приготовления коктейля «Энерджи Диет» (Energy Diet Ваниль.
1403;Сухая смесь для приготовления омлета «Энерджи Диет» (Energy Diet Омлет.
1404;Сухая смесь для приготовления коктейля «Энерджи Диет» (Energy Diet Шоколад.
1405;Смесь сухая для приготовления коктейля «Энерджи Диет» Energy Diet со вкусом красных фруктов.
1406;Смесь сухая для приготовления супа «Энерджи Диет» (Energy Diet) со вкусом курицы.
1407;Смесь сухая для приготовления супа «Энерджи Диет» (Energy Diet) со вкусом грибов:
1408;Прозрачный пластиковый стакан с логотипом ED.Зеленый.
1409;Прозрачный пластиковый стакан с логотипом ED.Желтый.
1410;Мумие.
1411;БЛОК электронный «АПЭК-1» (В).
1412;БЛОК электронный «АПЭК-1» (ВН).
1413;БЛОК электронный «АПЭК» (МПО).
1414;БЛОК электронный «АПЭК» (МПМ).
1415;Аппарат «АПЭКС-1» зеленый.
1416;Аппарат "АПЭК– исполнение 3»трехсветный
1417;Набор сменных оправ.Кр.Ор.Жел.
1418;Светодиодные аппараты продукция фирмы для фото-магнито-терапии ГЕСКА.
1419;Ветом 1.1 Порошок 50 гр
1420;Набор сменных оправ:Зел.Синь.Фиол.
1423;Десерт-кисель Свекольно-Вищневый, 200 гр.
1432;Ассорти Маски 90 гр.
1433;Ассорти Скрабы 105 гр.
1439;Картридж полипропиленовый для фильтра «Водолей-БКП»
1440;КАРТРИДЖ ДЛЯ ФИЛЬТРА ПОД МОЙКУ ВОДОЛЕЙ-БКП УГОЛЬНЫЙ
1441;КАРТРИДЖ ДЛЯ ФИЛЬТРА ПОД МОЙКУ ВОДОЛЕЙ-БКП УМЯГЧАЮЩИЙ
1442;КАРТРИДЖ ДЛЯ ФИЛЬТРА ПОД МОЙКУ ВОДОЛЕЙ-БКП ЦЕОЛИТОВЫЙ
1443;Картридж шунгитовый для фильтра «Водолей-БКП»
1444;Органическое удобрение для комплексной подкормки растений
1445;Органическое удобрение для укрепления корней 500 мл.
1446;Удобрение комплексное для подкормки растений, Слокс-эко, 500 мл
1447;Ёмкость с распылителем
1448;Средство на водной основе для комплекс­ной очистки оргтехники.
1449;Освежители ин­терьерные «Таити», «Фиджи», «Ривьера»
1452;Доска разделочная.
1453;Массажный коврик «Таежный целитель»
1454;Мидивирин 70 капсул
1455;Мицеллат 15 мл x 3
1456;КФС №1 (антипаразитарная)
1457;Верналис 70 капсул.
1458;Ге-па 45 капсул.
1459;ТИ САН, тисан 30 капсул.
1460;Витакин В 70 капсул.
1461;Таркус 30 капсул.
1464;SIBEX ЭКСТРАКТ ПИХТЫ СИБИРСКОЙ для наружного применения
1465;Экстракт пихты сибирской sibex
1467;SibEX ХВОЙНЫЙ КОНЦЕНТРАТ ДЛЯ ВАНН
1468;Кальций Биолит капсулы. 90 шт
1469;Марикад  капсулы,90 шт
1470;Эсобел-Арт, капсулы, 90 шт
1471;Кофермент Q10 TSN, капсулы 60 шт
1472;Крем для тела "Форма А", восстанавливающий 200 мл
1475;Биомаска «Биобьюти». Формула – 2. «Вокруг глаз»
1476;Биомаска «Биобьюти». Формула – 3. «Витаминная»
1498;Литофиточай. Ф1. Нормальный вес.
1499;Литофиточай. Ф2. Здоровая кожа.
1500;Литофиточай. Ф3. Легкое дыхание.
1501;Литофиточай. Ф4. Выведение токсинов.
1502;Литофиточай. Ф5. Для мужчин.
1503;Литофиточай. Ф6. Успокаивающий, хорошее настроение.
1504;Литофиточай. Ф7. Стимулирующий, витаминный
1505;Гигиенический лак «Демиктен»
1506;Литофитосоль. Формула – 1. «Эффект подтяжки кожи»
1507;Литофитосоль. Формула – 2. «Эффект увлажнения»
1508;Литофитосоль. Формула – 3. «Эффект нормализации работы сальных и потовых желёз»
1509;Литофитосоль. Формула – 4. «Профилактика целлюлита»
1510;Литофитосоль. Формула – 5. «Эффект успокаивающий»
1511;Зубной порошок. Ф1. Очищение
1512;Зубной порошок. Ф2. Укрепление.
1513;Зубной порошок. Ф3. Отбеливание.
1514;Литокомплекс "Серебряный" с низким содержанием цеолита. 70гр.
1515;Литокомплекс "Серебряный" с низким содержанием цеолита. 200 гр.
1516;Литокомплекс "Серебряный". 150 гр.
1517;Фаммаска. Фамкомплекс – 1. Баланс витаминов и микроэлементов. Регенерация.
1518;Фаммаска. Фамкомплекс – 2. Идеальный баланс. Упругая кожа 50 мл.
1519;Фаммаска. Фамкомплекс – 3. Водно-жировой баланс. Сужение пор 50 мл.
1520;Фаммаска. Фамкомплекс – 4. Водно-солевой баланс. Интенсивное увлажнение.
1521;Фаммаска. Фамкомплекс – 5. Подтяжка кожи вокруг глаз 50 мл.
1522;Фаммаска. Фамкомплекс – 6. Интенсивное отбеливание 50 мл.
1523;Фаммаска. Фамкомплекс – 7. Нежная кожа. Профилактика акне 50 мл.
1524;Фаммаска. Фамкомплекс – 9. Для аппликаций и обертываний 150 мл.
1528;Фаммыло. Фамкомплекс. Эффективный гигиенический уход за кожей лица и тела 150 мл.
1529;Фамскраб. Уход за кожей ног и лодыжек 150 мл.
1530;Фамсоль. Для ванны и сауны 200 мл.
1531;Крем "Антиоксидантный"Серия «Секрет Красоты» 40 мл.
1532;Крем "Для век"Серия "Секрет Красоты",40 мл.
1533;Крем "Для ног",Серия "Секрет Красоты",75 мл.
1534;Крем "Для проблемной кожи",Серия "Секрет Красоты",50 мл.
1536;Крем "Защита",Серия "секрет Красоты",50 мл.
1537;Крем "Лифтинг",Серия "Секрет Красоты",40 мл.
1538;Крем "Очищающее молочко",Серия "Секрет Красоты",50 мл.
1539;Крем "После бритья",Серия "Секрет Красоты",50 мл.
1540;Крем "После загара",Серия "Секрет Красоты",50 мл.
1541;Крем "Регенерация",Серия "Секрет Красоты",40 мл.
1542;Крем "Тонизирующий",Серия "Секрет Красоты",50 мл.
1543;Крем "Увлажняющий",Серия "Секрет Красоты",50 мл.
1544;Крем "Универсальный восстанавливающий",Серия "Секрет Красоты",50 мл.
1545;Ренехол гепатопротектор
1546;Ренепрост
1547;Целлюкан
1548;Омелигнин противоопухолевое средство.
1549;Сартар радиопротектор
1550;Витонк 30 капсул.
1551;Ягурин гепатопротектор.
1552;Биорегулятор тимуса Владоникс
1553;Биорегулятор сосудов Вентфорт
1554;Супрефорт Биорегулятор поджелудочной железы.
1556;Напиток «Цикоянт»
1557;Напиток «Цикорий-сливки»
1558;Напиток «Цикорий-ананас»
1559;Напиток «Смородина-Авимин® с L-карнитином
1560;Напиток «Ананас-Авимин® с эхинацеей»
1561;Напиток «Апельсин-Авимин® без сахара»
1562;Мусс «Надежда» шоколадный с ананасом
1563;Мусс «Надежда» ванильно-сливочный с ананасом и эхинацеей
1564;Фитогор- фитокомпозиция из 7 трав
1565;Эластинол
1567;Мусс «Надежда» с яблоком
1568;Мусс «Надежда» с апельсином
1569;Мусс «Надежда» с апельсином и зеленым чаем
1570;Мусс «Надежда» с черной смородиной
1571;Мусс «Надежда» с черной смородиной и комплексом витаминов
1572;Мусс «Надежда» с малиной
1573;Мусс «Надежда» с малиной и L-карнитином
1574;Мусс «Надежда» с черникой
1575;Мусс «Надежда» с черникой и эхинацеей
1576;Мусс «Надежда» с ананасом и готу колой
1577;Щитовид
1578;Натурал Калм
1579;Натурал Калм
1580;Натурал  Калм
1581;Байкал-ЭМ-1 Биоудобрение 14 мл
1582;Бальзам  Хвойный дар  мятный адаптоген
1583;Бальзам Хвойный дар орехово-зверобойный, адаптоген
1584;Бальзам "АНТИБОЛЬ"
1585;Бальзам "ОГОНЁК"
1587;Бальзам "ЦЕЛИТЕЛЬ"
1588;Кремы J'adore с суперлифтингэффектом
1589;комплект «Целительные бальзамы»
1591;«Масло «Анальгетик»
1592;Крем антисептический от грибковых поражений
1593;Гель-любрикант
1594;Тоник для сухой и чувствительной кожи
1595;Тоник для жирной кожи
1597;Маска коллагеновая
1598;Радикальные препараты для устранения гиперпигментации!
1601;Максифам таблетки
1602;Фомидан капсулы
1607;Батончик "Успех-1", 45 г
1620;ЭМ-контейнер
1621;ЭМ-пластина
1622;Слип Контрол. Коллоидная фитоформула восстановительного сна 237 мл.
1625;Аромасмесь "Волна успеха" №1 10 мл.
1626;Аромасмесь "Волна успеха" №10 10 мл.
1627;Аромасмесь "Волна успеха" №2 10 мл.
1628;Аромасмесь "Волна успеха"  №3 10 мл.
1629;Аромасмесь "Волна успеха"  №4 10 мл.
1630;Аромасмесь "Волна успеха" №5 10 мл.
1631;Аромасмеси "Волна успеха" №7 10 мл.
1632;Аромасмеси "Волна успеха" №9 10 мл.
1648;HEPA FORT - коллоидный  гепатозащитный фитокомплекс 120 мл.
1649;PHYTO SORBEN - коллоидный стандартный фитокомплекс 120 мл.
1659;Арония Крио 50 таблеток
1661;Вишня Крио 50 таблеток во флаконе.
1662;Боярышник Крио Таблетки 50 штук
1663;Брусника Крио Таблетки по 300 мг 50 шт.
1664;Земляная груша Крио 50 таблеток.
1665;Кабачок Крио 50 таблеток.
1666;БетаСтим
1667;Калина Крио  50 таблетк.
1668;Витасорб 50 таблеток по 0,3 г
1669;КалийНорм (Курага) 50 таблеток.
1670;Кальций Крио 50 таблеток.
1671;Кальций с боярышником
1672;Кальций с проростками пшеницы
1673;Кальций с сельдереем
1674;Малина Крио Таблетки.
1675;Петрушка Крио 50 таблеток по 300 мг  во флаконе.
1676;Крыжовник Крио 50 таблеток.
1677;Кукуруза Крио 50 таблеток.
1678;Морковь Криопорошок 80г во флаконе.
1679;Капуста белокочанная Крио 50 таблетк.
1680;Многосил 50 таблеток по 300 мг.
1681;Овёс Крио 50 таблеток по 300 мг во флаконе.
1682;Кардивит
1683;Климавит таблетки 100 шт.
1684;Облепиха Крио 50 таблеток по 300 мг во флаконе.
1685;Мужская формула 50 таблеток по 300 мг во флаконе.
1686;Рябина красная Крио 50 таблеток по 300 мг.
1687;Свекла Крио 50 таблеток по 300 мг.
1688;Сельдерей Крио 50 таблеток по 300 мг во флаконе.
1689;Тыква Крио 50 таблеток по 300 мг  во флаконе.
1690;Укроп Крио 50 таблеток по 300 мг  во флаконе.
1691;Сорбифит сосудистый 50 таблеток по 300 мг во флаконе.
1692;Шиповник Крио 50 таблеток по 300 мг  во флаконе.
1693;Яблоко Крио 50 таблеток по 300 мг во флаконе.
1694;Черная смородина Крио 50 таблеток по 300мг  во флаконе.
1695;Сорбифит слабительный 50 таблеток по 300 мг во флаконе.
1696;Сила красоты 50 таблеток по 300 мг во флаконе.
1697;Шпинат Крио 50 таблеток по 300 мг во флаконе.
1698;Черника  50г сухих ягод во флаконе.
1699;Антипаразитарный прибор БИОТОН 3
1700;ПРОЛОГ-02
1701;ПРОЛОГ-02Д
1702;Аппарат электротерапевтический «Пролог 02Р»
1703;Аппарат электротерапевтический «Пролог 02М»
1704;Диагностико-терапавтический аппарат Пролог-02ЭП
1705;Диагностико-терапевтический аппарат Пролог-02ЭПТ
1706;Ринобим
1708;Парацельстм-07
1709;Аппарат  Парацельс-М
1711;Аппарат CEM TECH
1712;РЕГЕСОЛ таблетки
1713;БАКТРУМ таблетки
1714;ИМКАП таблетки
1716;ХРОМАЦИН таблетки
1717;НЕВРОНОРМ таблетки
1718;ЦИМЕД таблетки
1719;статья-евреи
1720;Шокирующие цифры наркотики
1721;О мужчинах
1722;ПРЕПАРАТЫ «НАГИПОЛ-СУПЕР»™
1723;«Нагипол-Супер №13»
1724;«Нагипол-Йод+Карнитин»
1725;«Нагипол-Супер Кожа Волосы Ногти»
1726;«Нагипол-Супер Клероскин»
1728;«Нагипол-Антиоксидант»
1729;«Нагипол-Юниор»
1731;«Нагипол–Кальций+Железо»
1733;Молочно-белковый коктейль с хитозаном 300гр.
1734;Молочный - белковый коктейль с маточным молочком 200гр.
1735;Крем Экстрим, 15 мл.
1736;Bee Active - ланч суп, 400 гр.
1737;Bee Activ - ланч пюре, 130гр.
1738;Bee Active - ланч каша(с цветочной пыльцой), 400 гр.
1739;Bee Active (c маточным молочком и кедровым орехом),300гр.
1740;ПротивоВЕС, 300 гр.
1741;"Мои звёздные путешествия". Т.В. Евлашова
1743;Каша "Здоровяк" пшенично чечевичная с ламинарией.
1748;Нутрикаша.
1749;"Мои звёздные путешествия". Т.В. Евлашова
1752;Как нечисть чистилась М. Лепёшкин
1755;Хитозановый стимулятор роста растений СЛОКС-эко серии АРТЕМИЯ, концентрат, 5 мл
1756;Арония крио 70г
1757;БЕЛЫЙ ЛЕН криопорошок 130 г.
1758;Боярышник крио.Криопорошок 70г
1759;Грейпфрут Крио порошк 60г.
1760;Брокколи крио 60г.
1761;Вишня Крио Криопорошок 60г .
1762;Брусника Крио 60г.
1763;Белый гриб криопорошк 60г.
1764;Гречиха криопорошк 100г.
1765;Земляная груша Криопорошок 70г во флаконе.
1767;Картофель Криопорошк 100г.
1768;Курага Крио.
1769;Калина Криопорошок 80г.
1771;Капуста краснокочанная Криопорошк 90г.
1772;Клюква Криопорошк 60г.
1773;Красный виноград криопорошк 70г.
1774;Крыжовник Криопорошок 60г во флаконе.
1775;Кукуруза Криопорошок в банке 70 грамм.
1776;Лимон 70г криопорошка во флаконе.
1777;Лук 60г криопорошка во флаконе.
1778;Морковь Криопорошок  во флаконе.
1779;Морская капуста 70г криопорошка во флаконе.
1780;Овёс Криопорошок 70г во флаконе.
1781;Петрушка 60 г криопорошка во флаконе.
1782;Перец сладкий 70г криопорошка во флаконе.
1783;Пшеница проращенная 80г криопорошка во флаконе.
1784;Репа 70г криопорошка во флаконе.
1785;Рис 90г криопорошка во флаконе.
1786;Свекла Криопорошок 80 г во флаконе.
1787;Сельдерей Криопорошок 60г во флаконе.
1788;Томат 100г криопорошка во флаконе.
1790;Ай Кью/ IQ 60 капсул.
1791;Активин 60 капсул.
1792;Алка-Майн 12 фильтр-пакетов
1793;Алка-Майн 30 фильтр-пакетов
1794;Алоэ вера с клюквенно-яблочным вкусом 946 мл.
1795;Алоэ вера с персиковым вкусом 946 мл.
1796;Алоэманнан капсулы 60 шт.
1797;Алтимейт 120 таблеток
1798;Априкотабс 100 таблеток.
1799;Артишок с нанокластерами, капсулы 90 шт.
1800;Ассимилятор 90 капсул.
1801;Ацидофилус капсулы
1802;Биошейп таблетки
1803;Бурая водоросль таблетки
1804;Витамин Е с нанокластерами капсул.
1805;Гидросел 60 мл
1806;Гинкго Билоба 60 капсул.
1807;Глюконат калия 100 таблеток.
1808;Готу кола 60 таблеток.
1809;Детские вкусные витамины 240 таблеток.
1810;ДигестЭйбл 90 капсул.
1811;Диозин 90 капсул.
1812;Жевательный кальций
1813;Железо
1814;Жир печени акулы
1815;Зеленое золото
1816;Иммун 360
1817;Кальций меджик
1818;Каскара Саграда RBC
1819;БАВ Ветом 2. Капсулы 50 шт.
1820;БАВ Ветом 2. банка порошок 500г.
1821;БАВ Ветом 3. Капсулы 50 шт.
1822;БАВ Ветом 3. банка порошок 500г.
1823;БАВ Ветом 4. Капсулы 50 шт.
1824;БАВ Ветом 4. банка порошок 500г.
1825;БАВ Ветом 1.1. Капсулы 50 шт.
1826;БАВ Ветом 1.1. порошок банка 500 г.
1827;Порошок Комарова в пакетах по 2,5 г.
1828;Биологически активное вещество Ветом 1.23 в флаконе 10 мл.
1829;Биологически активное вещество Ветом 2.25  10 мл.
1830;Биологически активное вещество Ветом 2.26  10 мл.
1831;Биологически активное вещество Ветом 3.22  10 мл.
1832;Биологически активное вещество Ветом 4.24  10 мл.
1833;Биосептин гель в тубе 60 гр.
1834;CordyMax Cs-4® 120 капсул.
1835;Сок “Супер-фрукта” 60мл по 15шт в упаковке.
1836;IgG Boost  Colostrum MFT 120 капсул.
1837;LifePak® 60 пакетиков по 4 таблетки.
1838;Marine Omega® 120 капсул.
1839;ReishiMax GLp®  60 капсул.
1840;Tegreen 97® 30 капсул экстракт катехинов зеленого чая.
1841;Nu Skin® Galvanic SpaTM System (Гальваник СПА)
1843;Априкотабс, таблетки 0,5 г, 100 шт
1844;Ахилан, жидкость, 75 мл
1845;Курунговит-С, кисломолочный продукт сухой 40 таблеток
1846;Напиток быстрорастворимый АргоMIX квас с сывороткой 100 г
1847;Напиток быстрорастворимый  АргоMIX квас с шиповником 100 г
1848;Напиток быстрорастворимый гранулированный АргоMIX морковь, черника 100 г
1849;Напиток быстрорастворимый гранулированный АргоMIX облепиха, калина 100 г
1851;БАД «ФЛАМЕНА®»
1854;КФС №6 - глубокое очищение кожи, отбеливание, питание, увлажнение
1855;КФС №7 - лифтинг-подтяжка кожи, тонизация мимических мышц
1856;КФС №8 - ночная формула красоты и здоровья
1858;Семена солянки холмовой капсулы 190 шт.
1859;Мумичага 100 таблетки.
1861;Шаблон
1862;Аппликатор Волшебная лента "Здоровье" 7 сегментов.
1863;Аппликатор Волшебная лента 3 сегмента.
1864;Аромаэмульсия "Мерцание звезд", "Фитнесс", 10 мл
1865;Эмульсия Рициниол  "Лавандовый", 10 мл
1870;Суппозитории гинекологические Ветомгин 8.21
1871;Нормолит, гранулы, 450 гр.
1872;Сладкий нутрикон драже с какао 100 гр.
1873;Драже «Сладкий нутрикон» с марципаном 100 г
1874;Семена лопуха капсулы 190 шт.
1875;Био-Клинзинг комплекс, коллоидная фитоформула 237 мл.
1876;Гастеро Комплекс, коллоидная фитоформула 237 мл.
1877;Лайф Малти-Фактор, коллоидная фитоформула 237 мл.
1878;Нефрин Комплекс,237 мл.
1879;Реотон Комлпекс,237 мл.
1880;Альгинат кальция,капсулы 80 капсул.
1881;Масло косметическое 125 мл.
1882;СПА-скраб 300 мл.
1883;Обогащенный ночной крем против морщин REVITAL REVI
1885;НАБОР ПРОБНИКОВ ПРОДУКЦИИ ООО "ДОН" 32 пакетика.
1886;Аромаэмульсию «Энергия» 10 мл.
1887;Эмульсия Рициниол Камертон, 10 мл.
1888;Эмульсия Рициниол Лавандовый,10 мл.
1889;Эмульсия Рициниол Молодость,10 мл.
1890;Эмульсия Рициниол Сильфида,10 мл.
1891;Эмульсия Рициниол Ясный взор,10 мл.
1892;Аромаэмульсия "Мерцание звезд", "Тонекс",10мл.
1893;Гель-активатор ХелаГолд 50 мл.
1894;Информационный офтальмологический эликсир для глаз 10 мл.
1895;Информационный ЛОР-эликсир (ИЛЭ)10 мл.
1896;Масло эфирное "Апельсин",5 мл.
1897;Бергамота эфирное масло 5 мл.
1898;НЕВЕСОМ 30 капсул.
1899;Ферментин 30 капсул.
1900;НОРМОКСАН 30 капсул.
1901;РАДОСЕРД 30 капсул.
1902;СD-диски 3 шт.
1903;Бальзам «Промёд»
1904;Набор эфирных масел «Солнышко» (Детское здоровье) 5 мл.
1905;Набор эфирных масел «В добрый путь».
1906;Набор эфирных масел «За верность АРГО».
1907;Набор эфирных масел «Иммунный щит».
1908;Набор эфирных масел «Песня сердца», аромамедальон.
1909;Набор эфирных масел «Победитель», аромамедальон.
1910;Набор эфирных масел «С чистого листа», аромамедальон.
1911;Набор эфирных масел «Умиротворение», аромамедальон.
1912;Набор эфирных масел «Здоровье женщины», аромамедальон.
1914;Средство  для предотвращения появления плесени и грибка 1 л.
1915;Средство против плесени и грибка, 100 мл.
1916;СЛОКС-эко против вредителей растений 250 мл.
1917;Бытовой озонатор "Гроза"
1918;Доска разделочная, антисептическая "АРГО+",
1919;Набор ЭМ-контейнеров 3 шт.
1920;ЭМ доска для подавления патогенной микрофлоры (подставка вкуса).
1921;Концентрат кормовой «ЭМ-курунга» (ВетЭМ).
1922;Биодезодорант бытовой «Эмикс «Чистый воздух».
1923;Фильтр «Водолей-БКП»
1924;Фильтр «Водолей-БКП» высокопроизводительный.
1925;Комплект картриджей для высокопроизводительного фильтра «Водолей-БКП»
1926;Картридж для фильтра под мойку Водолей-БКП шунгитовый
1927;Сыворотка с экстрактом Царского дерева для укр. и восс. волос.
1928;Лифтинг-маска для лица тканевая
1929;Лифтинг-маска с экстрактом Царского дерева для шеи и подбородка.
1930;Мыло туалетное глицериновое "Фитолон", 70 г.
1931;Питательная маска с экстрактом Царского дерева для кожи рук.
1932;Разглаживающая маска с экстрактом Царского дерева для зоны декольте.
1933;Обявление
1934;Соль для ванн "Эсобел",гранулы 50г.
1935;Бальзам "Чистотел", туба 20 мл.
1936;Апимал
1937;Гель ULTIMA Renessanse 30 мл
1938;Гель Экстенза 10 мл.
1939;Гель Репар 15 мл.
1940;Гель Элефтер 15 мл.
1941;Истра
1942;акция
1943;Золотая Серия «Тенториум» "ЗС Хинази"
1947;ЗС Апи-Элите 150 гр.
1948;Мёд натуральный, мумиё 300гр.
1949;Детский крем "Жу-Жу" 50 гр.
1952;Вода Доктор БРОМменталь 200 мл.
1953;Пелоид гранулированный 300 гр.
1954;Крамбамбуля с прополисом 100 гр.
1955;Крамбамбуля с ягодами 100 гр.
1956;Кофе с прополисом Тенториум 100 гр.
1957;Конфеты Шоколадный мёд 57 гр.
1958;Соль с хитозаном  100 гр.
1959;Спрей для очков.
1960;Биобальзам Ассиль 100 г.
1961;Молочко очищающее  для сухой и нормальной кожи 50 мл.
1962;Крем скраб 50 мл.
1963;Дневной тонизирующий комплекс NEW 50 мл.
1964;Дневной питательный комплекс New 50 мл.
1965;Маска-крем питательная 50 мл.
1966;Лосьон-Тоник new(200мл).
1967;Крем для век NEW 7 мл.
1968;Крем для рук 50мл.
1969;Крем Тенториум 15 мл.
1970;Система контроля здоровья ЖКТ 3х100 гр.
1971;Сбитень медовый северный с хреном 500 мл.
1972;Гель для душа БОРНЕО 200 мл.
1973;Медовая композиция «Мед с цукатами» 220 гр.
1974;\N
1975;Мед с Чесноком 250 гр.
1976;Медовая композиция «Мед с лецитином» 250 гр.
1980;ВАРИгель 50 гр.
1981;ВИВИТАН Хитозановый гель 50 гр.
1990;Гарантийное письмо
2012;Статьи.
2013;Про вектор.
2014;Алкостоп 5 пакетов по 10 гр.
